{"cameraMode":{"drawMode":0,"name":"Shaded","section":"Shading Mode"},"sceneLighting":true,"audioPlay":false,"sceneViewState":{"m_AlwaysRefresh":false,"showFog":true,"showSkybox":true,"showFlares":true,"showImageEffects":true,"showParticleSystems":true,"showVisualEffectGraphs":true,"m_FxEnabled":true},"in2DMode":false,"pivot":{"x":672.2894287109375,"y":405.94390869140627,"z":-78.64305877685547},"rotation":{"x":0.20193445682525636,"y":-0.4486234486103058,"z":0.10479447990655899,"w":0.8643075227737427},"size":103.07764434814453,"orthographic":false}